spacer,pam,strand,bowtieChr,bowtieStart,bowtieEnd,sgrnascorer2score,acceptedByMm10db,mitOfftargetscore,cfdOfftargetscore,consensusCount
GACTGATATGACACGATAGC,TGG,+,NC_000001.11,78619178,78619200,0.07910089166709822,1,94.551402,95.584614,2
CGTGTGAGTGAGAACATCAC,AGG,+,NC_000001.11,78620950,78620972,0.24116032066638338,1,52.561682,90.684814,2
ACCCCTTGCGGGTTATCTTG,CGG,+,NC_000001.11,78624895,78624917,?,1,89.290854,92.490964,2
TAGTGTAGTCTCAGAAGCCG,TGG,+,NC_000001.11,78630832,78630854,1.7514131340789825,0,81.164776,87.768791,2
TGGTGCCAAGTGAGACCATG,TGG,+,NC_000001.11,78633342,78633364,1.3097690894773177,0,77.050679,88.147033,2
TCCTGGATGAACAAAAGCTG,AGG,+,NC_000001.11,78634522,78634544,1.6695056941477149,0,71.027236,85.309878,2
GGTATCAAAGGTGCAAACTG,TGG,+,NC_000001.11,78634787,78634809,1.8541305999780993,0,69.836162,86.061568,2
TCCTGAGACCAAACTGTTTG,AGG,+,NC_000001.11,78635212,78635234,0.9013261182284701,0,78.223218,89.211778,2
AGTGTCTCCAAAAGCCAATC,TGG,+,NC_000001.11,78639515,78639537,0.7228080014789956,1,76.666311,87.340708,2
GTATGGCAACACATTGTCCT,TGG,+,NC_000001.11,78640156,78640178,0.3800348826567038,1,80.1375,87.473474,2
AAGCCCTGTTAAAAGAGTCC,TGG,+,NC_000001.11,78640454,78640476,0.2434621613556217,1,72.445279,86.010432,2
TGATATAGGTATAGCATATG,TGG,+,NC_000001.11,78641013,78641035,0.20326051172712523,0,81.093545,91.013712,2
CATTGGATTCATAAGCGGTG,GGG,-,NC_000001.11,78619491,78619513,?,1,91.216656,92.569167,2
GACATGCTTCCAAGCTCCTA,TGG,-,NC_000001.11,78622844,78622866,0.32577902844733975,1,78.148041,88.442027,2
GAGAATTAAACTACACCCTC,TGG,-,NC_000001.11,78624348,78624370,0.3392405016134944,1,78.487185,88.555085,2
ACCGCAAGATAACCCGCAAG,GGG,-,NC_000001.11,78624896,78624918,?,1,74.92357,89.58049,2
TCTCCACACTATGCTCCCTG,GGG,-,NC_000001.11,78633163,78633185,2.1846308393508314,0,74.120651,88.434154,2
CGTAAAGCTCAGGGCCACTG,CGG,-,NC_000001.11,78633465,78633487,2.5912140776512484,0,63.263294,85.559099,2
GATAGAGCATGGTTAAACTG,TGG,-,NC_000001.11,78637840,78637862,?,1,74.050263,85.136613,2
GGGTGTCAAACAAGGCCTTA,TGG,-,NC_000001.11,78638993,78639015,0.4164039713244584,1,82.038057,91.715826,2
ATGTCAGGGTATCCTATATG,GGG,-,NC_000001.11,78639043,78639065,?,1,77.051877,86.48069,2
CCACCGAATCAGCAGCAATG,AGG,-,?,?,?,1.856990899429269,0,72.21616,86.833166,2
GTGTCAAGGGAGGCTACTTG,GGG,-,NC_000001.11,78639200,78639222,0.009115879741033672,0,69.333918,85.596992,2
CCAACTTTCACCCTTAGCCA,AGG,-,NC_000001.11,78639299,78639321,0.8651507346885289,1,77.03694,90.040636,2
CATTGCCATCCAGCACGCCA,AGG,-,NC_000001.11,78640173,78640195,2.3615539046710237,1,82.083762,89.655573,2
TATGCTAACAACTGCTTATG,AGG,-,NC_000001.11,78640517,78640539,0.561789836316818,0,76.86585,89.153424,2
TTATGGACATTCATGACCTG,TGG,-,NC_000001.11,78641429,78641451,1.4170841355707435,0,84.058998,93.33351,2
